point_id,name,state,subsystem_id,latitude,longitude,timezone,weight,cell_id,point_role,grid_resolution_deg,crs
grid_g01_0861_1303,g01_0861_1303,PA,N,-3.85,-49.65,America/Belem,0.001,g01_0861_1303,generation_asset,0.1,EPSG:4326
grid_g01_0868_1199,g01_0868_1199,AM,N,-3.15,-60.05,America/Manaus,0.001,g01_0868_1199,generation_asset,0.1,EPSG:4326
grid_g01_0868_1200,g01_0868_1200,AM,N,-3.15,-59.95,America/Manaus,0.001,g01_0868_1200,generation_asset,0.1,EPSG:4326
grid_g01_0868_1282,g01_0868_1282,AP,N,-3.15,-51.75,America/Belem,0.001,g01_0868_1282,generation_asset,0.1,EPSG:4326
grid_g01_0869_1199,g01_0869_1199,AM,N,-3.05,-60.05,America/Manaus,0.001,g01_0869_1199,generation_asset,0.1,EPSG:4326
grid_g01_0870_1199,g01_0870_1199,AM,N,-2.95,-60.05,America/Manaus,0.001,g01_0870_1199,generation_asset,0.1,EPSG:4326
grid_g01_0871_1199,g01_0871_1199,AM,N,-2.85,-60.05,America/Manaus,0.001,g01_0871_1199,generation_asset,0.1,EPSG:4326
grid_g01_0871_1257,g01_0871_1257,AP,N,-2.85,-54.25,America/Belem,0.001,g01_0871_1257,generation_asset,0.1,EPSG:4326
grid_g01_0872_1218,g01_0872_1218,AM,N,-2.75,-58.15,America/Manaus,0.001,g01_0872_1218,generation_asset,0.1,EPSG:4326
grid_g01_0880_1205,g01_0880_1205,AM,N,-1.95,-59.45,America/Manaus,0.001,g01_0880_1205,generation_asset,0.1,EPSG:4326
grid_g01_0884_1312,g01_0884_1312,PA,N,-1.55,-48.75,America/Belem,0.001,g01_0884_1312,generation_asset,0.1,EPSG:4326
grid_g01_0893_1274,g01_0893_1274,AP,N,-0.65,-52.55,America/Belem,0.001,g01_0893_1274,generation_asset,0.1,EPSG:4326
grid_g01_0908_1287,g01_0908_1287,AP,N,0.85,-51.25,America/Belem,0.001,g01_0908_1287,generation_asset,0.1,EPSG:4326
grid_g01_0908_1288,g01_0908_1288,AP,N,0.85,-51.15,America/Belem,0.001,g01_0908_1288,generation_asset,0.1,EPSG:4326
grid_g01_0909_1195,g01_0909_1195,AM,N,0.95,-60.45,America/Manaus,0.001,g01_0909_1195,generation_asset,0.1,EPSG:4326
grid_g01_0909_1200,g01_0909_1200,AM,N,0.95,-59.95,America/Manaus,0.001,g01_0909_1200,generation_asset,0.1,EPSG:4326
grid_g01_0909_1287,g01_0909_1287,AP,N,0.95,-51.25,America/Belem,0.001,g01_0909_1287,generation_asset,0.1,EPSG:4326
grid_g01_0927_1193,g01_0927_1193,AM,N,2.75,-60.65,America/Manaus,0.001,g01_0927_1193,generation_asset,0.1,EPSG:4326
grid_g01_0929_1192,g01_0929_1192,AM,N,2.95,-60.75,America/Manaus,0.001,g01_0929_1192,generation_asset,0.1,EPSG:4326
grid_g01_0929_1193,g01_0929_1193,AM,N,2.95,-60.65,America/Manaus,0.001,g01_0929_1193,generation_asset,0.1,EPSG:4326
grid_g01_0929_1195,g01_0929_1195,AM,N,2.95,-60.45,America/Manaus,0.001,g01_0929_1195,generation_asset,0.1,EPSG:4326
grid_g01_0931_1191,g01_0931_1191,AM,N,3.15,-60.85,America/Manaus,0.001,g01_0931_1191,generation_asset,0.1,EPSG:4326
grid_g01_0932_1191,g01_0932_1191,AM,N,3.25,-60.85,America/Manaus,0.001,g01_0932_1191,generation_asset,0.1,EPSG:4326
grid_g01_0800_1100,g01_0800_1100,AC,N,-9.95,-69.95,America/Rio_Branco,1.0,g01_0800_1100,regional_grid,0.1,EPSG:4326
grid_g01_0800_1300,g01_0800_1300,TO,N,-9.95,-49.95,America/Araguaina,1.0,g01_0800_1300,regional_grid,0.1,EPSG:4326
grid_g01_0900_1100,g01_0900_1100,AC,N,0.05,-69.95,America/Rio_Branco,1.0,g01_0900_1100,regional_grid,0.1,EPSG:4326
grid_g01_0900_1200,g01_0900_1200,AM,N,0.05,-59.95,America/Manaus,1.0,g01_0900_1200,regional_grid,0.1,EPSG:4326
grid_g01_0736_1404,g01_0736_1404,BA,NE,-16.35,-39.55,America/Bahia,0.001,g01_0736_1404,generation_asset,0.1,EPSG:4326
grid_g01_0740_1404,g01_0740_1404,BA,NE,-15.95,-39.55,America/Bahia,0.001,g01_0740_1404,generation_asset,0.1,EPSG:4326
grid_g01_0772_1414,g01_0772_1414,BA,NE,-12.75,-38.55,America/Bahia,0.001,g01_0772_1414,generation_asset,0.1,EPSG:4326
grid_g01_0772_1415,g01_0772_1415,BA,NE,-12.75,-38.45,America/Bahia,0.001,g01_0772_1415,generation_asset,0.1,EPSG:4326
grid_g01_0774_1410,g01_0774_1410,BA,NE,-12.55,-38.95,America/Bahia,0.001,g01_0774_1410,generation_asset,0.1,EPSG:4326
grid_g01_0775_1417,g01_0775_1417,BA,NE,-12.45,-38.25,America/Bahia,0.001,g01_0775_1417,generation_asset,0.1,EPSG:4326
grid_g01_0791_1430,g01_0791_1430,SE,NE,-10.85,-36.95,America/Maceio,0.001,g01_0791_1430,generation_asset,0.1,EPSG:4326
grid_g01_0803_1422,g01_0803_1422,SE,NE,-9.65,-37.75,America/Maceio,0.001,g01_0803_1422,generation_asset,0.1,EPSG:4326
grid_g01_0805_1391,g01_0805_1391,SE,NE,-9.45,-40.85,America/Maceio,0.001,g01_0805_1391,generation_asset,0.1,EPSG:4326
grid_g01_0805_1417,g01_0805_1417,SE,NE,-9.45,-38.25,America/Maceio,0.001,g01_0805_1417,generation_asset,0.1,EPSG:4326
grid_g01_0806_1395,g01_0806_1395,SE,NE,-9.35,-40.45,America/Maceio,0.001,g01_0806_1395,generation_asset,0.1,EPSG:4326
grid_g01_0806_1417,g01_0806_1417,SE,NE,-9.35,-38.25,America/Maceio,0.001,g01_0806_1417,generation_asset,0.1,EPSG:4326
grid_g01_0808_1416,g01_0808_1416,SE,NE,-9.15,-38.35,America/Maceio,0.001,g01_0808_1416,generation_asset,0.1,EPSG:4326
grid_g01_0816_1449,g01_0816_1449,PE,NE,-8.35,-35.05,America/Recife,0.001,g01_0816_1449,generation_asset,0.1,EPSG:4326
grid_g01_0817_1449,g01_0817_1449,PE,NE,-8.25,-35.05,America/Recife,0.001,g01_0817_1449,generation_asset,0.1,EPSG:4326
grid_g01_0819_1393,g01_0819_1393,PI,NE,-8.05,-40.65,America/Fortaleza,0.001,g01_0819_1393,generation_asset,0.1,EPSG:4326
grid_g01_0821_1449,g01_0821_1449,PE,NE,-7.85,-35.05,America/Recife,0.001,g01_0821_1449,generation_asset,0.1,EPSG:4326
grid_g01_0827_1450,g01_0827_1450,PB,NE,-7.25,-34.95,America/Fortaleza,0.001,g01_0827_1450,generation_asset,0.1,EPSG:4326
grid_g01_0828_1451,g01_0828_1451,PB,NE,-7.15,-34.85,America/Fortaleza,0.001,g01_0828_1451,generation_asset,0.1,EPSG:4326
grid_g01_0832_1364,g01_0832_1364,PI,NE,-6.75,-43.55,America/Fortaleza,0.001,g01_0832_1364,generation_asset,0.1,EPSG:4326
grid_g01_0841_1446,g01_0841_1446,RN,NE,-5.85,-35.35,America/Fortaleza,0.001,g01_0841_1446,generation_asset,0.1,EPSG:4326
grid_g01_0841_1447,g01_0841_1447,RN,NE,-5.85,-35.25,America/Fortaleza,0.001,g01_0841_1447,generation_asset,0.1,EPSG:4326
grid_g01_0844_1429,g01_0844_1429,RN,NE,-5.55,-37.05,America/Fortaleza,0.001,g01_0844_1429,generation_asset,0.1,EPSG:4326
grid_g01_0846_1431,g01_0846_1431,RN,NE,-5.35,-36.85,America/Fortaleza,0.001,g01_0846_1431,generation_asset,0.1,EPSG:4326
grid_g01_0848_1435,g01_0848_1435,RN,NE,-5.15,-36.45,America/Fortaleza,0.001,g01_0848_1435,generation_asset,0.1,EPSG:4326
grid_g01_0848_1436,g01_0848_1436,RN,NE,-5.15,-36.35,America/Fortaleza,0.001,g01_0848_1436,generation_asset,0.1,EPSG:4326
grid_g01_0848_1437,g01_0848_1437,RN,NE,-5.15,-36.25,America/Fortaleza,0.001,g01_0848_1437,generation_asset,0.1,EPSG:4326
grid_g01_0848_1438,g01_0848_1438,RN,NE,-5.15,-36.15,America/Fortaleza,0.001,g01_0848_1438,generation_asset,0.1,EPSG:4326
grid_g01_0852_1426,g01_0852_1426,CE,NE,-4.75,-37.35,America/Fortaleza,0.001,g01_0852_1426,generation_asset,0.1,EPSG:4326
grid_g01_0853_1423,g01_0853_1423,CE,NE,-4.65,-37.65,America/Fortaleza,0.001,g01_0853_1423,generation_asset,0.1,EPSG:4326
grid_g01_0860_1388,g01_0860_1388,PI,NE,-3.95,-41.15,America/Fortaleza,0.001,g01_0860_1388,generation_asset,0.1,EPSG:4326
grid_g01_0861_1413,g01_0861_1413,CE,NE,-3.85,-38.65,America/Fortaleza,0.001,g01_0861_1413,generation_asset,0.1,EPSG:4326
grid_g01_0863_1411,g01_0863_1411,CE,NE,-3.65,-38.85,America/Fortaleza,0.001,g01_0863_1411,generation_asset,0.1,EPSG:4326
grid_g01_0864_1411,g01_0864_1411,CE,NE,-3.55,-38.85,America/Fortaleza,0.001,g01_0864_1411,generation_asset,0.1,EPSG:4326
grid_g01_0870_1389,g01_0870_1389,CE,NE,-2.95,-41.05,America/Fortaleza,0.001,g01_0870_1389,generation_asset,0.1,EPSG:4326
grid_g01_0800_1400,g01_0800_1400,SE,NE,-9.95,-39.95,America/Maceio,1.0,g01_0800_1400,regional_grid,0.1,EPSG:4326
grid_g01_0584_1263,g01_0584_1263,RS,S,-31.55,-53.65,America/Sao_Paulo,0.001,g01_0584_1263,generation_asset,0.1,EPSG:4326
grid_g01_0585_1262,g01_0585_1262,RS,S,-31.45,-53.75,America/Sao_Paulo,0.001,g01_0585_1262,generation_asset,0.1,EPSG:4326
grid_g01_0598_1263,g01_0598_1263,RS,S,-30.15,-53.65,America/Sao_Paulo,0.001,g01_0598_1263,generation_asset,0.1,EPSG:4326
grid_g01_0599_1298,g01_0599_1298,RS,S,-30.05,-50.15,America/Sao_Paulo,0.001,g01_0599_1298,generation_asset,0.1,EPSG:4326
grid_g01_0601_1288,g01_0601_1288,RS,S,-29.85,-51.15,America/Sao_Paulo,0.001,g01_0601_1288,generation_asset,0.1,EPSG:4326
grid_g01_0602_1230,g01_0602_1230,RS,S,-29.75,-56.95,America/Sao_Paulo,0.001,g01_0602_1230,generation_asset,0.1,EPSG:4326
grid_g01_0602_1299,g01_0602_1299,RS,S,-29.75,-50.05,America/Sao_Paulo,0.001,g01_0602_1299,generation_asset,0.1,EPSG:4326
grid_g01_0605_1267,g01_0605_1267,RS,S,-29.45,-53.25,America/Sao_Paulo,0.001,g01_0605_1267,generation_asset,0.1,EPSG:4326
grid_g01_0606_1292,g01_0606_1292,RS,S,-29.35,-50.75,America/Sao_Paulo,0.001,g01_0606_1292,generation_asset,0.1,EPSG:4326
grid_g01_0607_1267,g01_0607_1267,RS,S,-29.25,-53.25,America/Sao_Paulo,0.001,g01_0607_1267,generation_asset,0.1,EPSG:4326
grid_g01_0608_1266,g01_0608_1266,RS,S,-29.15,-53.35,America/Sao_Paulo,0.001,g01_0608_1266,generation_asset,0.1,EPSG:4326
grid_g01_0609_1267,g01_0609_1267,RS,S,-29.05,-53.25,America/Sao_Paulo,0.001,g01_0609_1267,generation_asset,0.1,EPSG:4326
grid_g01_0609_1268,g01_0609_1268,RS,S,-29.05,-53.15,America/Sao_Paulo,0.001,g01_0609_1268,generation_asset,0.1,EPSG:4326
grid_g01_0609_1283,g01_0609_1283,RS,S,-29.05,-51.65,America/Sao_Paulo,0.001,g01_0609_1283,generation_asset,0.1,EPSG:4326
grid_g01_0609_1284,g01_0609_1284,RS,S,-29.05,-51.55,America/Sao_Paulo,0.001,g01_0609_1284,generation_asset,0.1,EPSG:4326
grid_g01_0609_1286,g01_0609_1286,RS,S,-29.05,-51.35,America/Sao_Paulo,0.001,g01_0609_1286,generation_asset,0.1,EPSG:4326
grid_g01_0615_1310,g01_0615_1310,SC,S,-28.45,-48.95,America/Sao_Paulo,0.001,g01_0615_1310,generation_asset,0.1,EPSG:4326
grid_g01_0618_1249,g01_0618_1249,RS,S,-28.15,-55.05,America/Sao_Paulo,0.001,g01_0618_1249,generation_asset,0.1,EPSG:4326
grid_g01_0618_1251,g01_0618_1251,RS,S,-28.15,-54.85,America/Sao_Paulo,0.001,g01_0618_1251,generation_asset,0.1,EPSG:4326
grid_g01_0622_1288,g01_0622_1288,RS,S,-27.75,-51.15,America/Sao_Paulo,0.001,g01_0622_1288,generation_asset,0.1,EPSG:4326
grid_g01_0623_1286,g01_0623_1286,RS,S,-27.65,-51.35,America/Sao_Paulo,0.001,g01_0623_1286,generation_asset,0.1,EPSG:4326
grid_g01_0623_1290,g01_0623_1290,SC,S,-27.65,-50.95,America/Sao_Paulo,0.001,g01_0623_1290,generation_asset,0.1,EPSG:4326
grid_g01_0624_1272,g01_0624_1272,RS,S,-27.55,-52.75,America/Sao_Paulo,0.001,g01_0624_1272,generation_asset,0.1,EPSG:4326
grid_g01_0624_1282,g01_0624_1282,RS,S,-27.55,-51.75,America/Sao_Paulo,0.001,g01_0624_1282,generation_asset,0.1,EPSG:4326
grid_g01_0625_1291,g01_0625_1291,SC,S,-27.45,-50.85,America/Sao_Paulo,0.001,g01_0625_1291,generation_asset,0.1,EPSG:4326
grid_g01_0626_1272,g01_0626_1272,RS,S,-27.35,-52.75,America/Sao_Paulo,0.001,g01_0626_1272,generation_asset,0.1,EPSG:4326
grid_g01_0627_1276,g01_0627_1276,RS,S,-27.25,-52.35,America/Sao_Paulo,0.001,g01_0627_1276,generation_asset,0.1,EPSG:4326
grid_g01_0628_1269,g01_0628_1269,RS,S,-27.15,-53.05,America/Sao_Paulo,0.001,g01_0628_1269,generation_asset,0.1,EPSG:4326
grid_g01_0628_1304,g01_0628_1304,SC,S,-27.15,-49.55,America/Sao_Paulo,0.001,g01_0628_1304,generation_asset,0.1,EPSG:4326
grid_g01_0633_1274,g01_0633_1274,PR,S,-26.65,-52.55,America/Sao_Paulo,0.001,g01_0633_1274,generation_asset,0.1,EPSG:4326
grid_g01_0639_1283,g01_0639_1283,PR,S,-26.05,-51.65,America/Sao_Paulo,0.001,g01_0639_1283,generation_asset,0.1,EPSG:4326
grid_g01_0642_1278,g01_0642_1278,PR,S,-25.75,-52.15,America/Sao_Paulo,0.001,g01_0642_1278,generation_asset,0.1,EPSG:4326
grid_g01_0642_1279,g01_0642_1279,PR,S,-25.75,-52.05,America/Sao_Paulo,0.001,g01_0642_1279,generation_asset,0.1,EPSG:4326
grid_g01_0643_1273,g01_0643_1273,PR,S,-25.65,-52.65,America/Sao_Paulo,0.001,g01_0643_1273,generation_asset,0.1,EPSG:4326
grid_g01_0643_1280,g01_0643_1280,PR,S,-25.65,-51.95,America/Sao_Paulo,0.001,g01_0643_1280,generation_asset,0.1,EPSG:4326
grid_g01_0644_1263,g01_0644_1263,PR,S,-25.55,-53.65,America/Sao_Paulo,0.001,g01_0644_1263,generation_asset,0.1,EPSG:4326
grid_g01_0644_1265,g01_0644_1265,PR,S,-25.55,-53.45,America/Sao_Paulo,0.001,g01_0644_1265,generation_asset,0.1,EPSG:4326
grid_g01_0644_1269,g01_0644_1269,PR,S,-25.55,-53.05,America/Sao_Paulo,0.001,g01_0644_1269,generation_asset,0.1,EPSG:4326
grid_g01_0644_1306,g01_0644_1306,PR,S,-25.55,-49.35,America/Sao_Paulo,0.001,g01_0644_1306,generation_asset,0.1,EPSG:4326
grid_g01_0648_1311,g01_0648_1311,PR,S,-25.15,-48.85,America/Sao_Paulo,0.001,g01_0648_1311,generation_asset,0.1,EPSG:4326
grid_g01_0652_1279,g01_0652_1279,PR,S,-24.75,-52.05,America/Sao_Paulo,0.001,g01_0652_1279,generation_asset,0.1,EPSG:4326
grid_g01_0657_1292,g01_0657_1292,PR,S,-24.25,-50.75,America/Sao_Paulo,0.001,g01_0657_1292,generation_asset,0.1,EPSG:4326
grid_g01_0659_1292,g01_0659_1292,PR,S,-24.05,-50.75,America/Sao_Paulo,0.001,g01_0659_1292,generation_asset,0.1,EPSG:4326
grid_g01_0661_1335,g01_0661_1335,SP,SE/CO,-23.85,-46.45,America/Sao_Paulo,0.001,g01_0661_1335,generation_asset,0.1,EPSG:4326
grid_g01_0663_1333,g01_0663_1333,SP,SE/CO,-23.65,-46.65,America/Sao_Paulo,0.001,g01_0663_1333,generation_asset,0.1,EPSG:4326
grid_g01_0665_1343,g01_0665_1343,SP,SE/CO,-23.45,-45.65,America/Sao_Paulo,0.001,g01_0665_1343,generation_asset,0.1,EPSG:4326
grid_g01_0666_1341,g01_0666_1341,SP,SE/CO,-23.35,-45.85,America/Sao_Paulo,0.001,g01_0666_1341,generation_asset,0.1,EPSG:4326
grid_g01_0667_1307,g01_0667_1307,SP,SE/CO,-23.25,-49.25,America/Sao_Paulo,0.001,g01_0667_1307,generation_asset,0.1,EPSG:4326
grid_g01_0668_1302,g01_0668_1302,SP,SE/CO,-23.15,-49.75,America/Sao_Paulo,0.001,g01_0668_1302,generation_asset,0.1,EPSG:4326
grid_g01_0668_1306,g01_0668_1306,SP,SE/CO,-23.15,-49.35,America/Sao_Paulo,0.001,g01_0668_1306,generation_asset,0.1,EPSG:4326
grid_g01_0668_1339,g01_0668_1339,SP,SE/CO,-23.15,-46.05,America/Sao_Paulo,0.001,g01_0668_1339,generation_asset,0.1,EPSG:4326
grid_g01_0669_1301,g01_0669_1301,SP,SE/CO,-23.05,-49.85,America/Sao_Paulo,0.001,g01_0669_1301,generation_asset,0.1,EPSG:4326
grid_g01_0669_1304,g01_0669_1304,SP,SE/CO,-23.05,-49.55,America/Sao_Paulo,0.001,g01_0669_1304,generation_asset,0.1,EPSG:4326
grid_g01_0672_1298,g01_0672_1298,SP,SE/CO,-22.75,-50.15,America/Sao_Paulo,0.001,g01_0672_1298,generation_asset,0.1,EPSG:4326
grid_g01_0672_1328,g01_0672_1328,SP,SE/CO,-22.75,-47.15,America/Sao_Paulo,0.001,g01_0672_1328,generation_asset,0.1,EPSG:4326
grid_g01_0672_1363,g01_0672_1363,RJ,SE/CO,-22.75,-43.65,America/Sao_Paulo,0.001,g01_0672_1363,generation_asset,0.1,EPSG:4326
grid_g01_0672_1367,g01_0672_1367,RJ,SE/CO,-22.75,-43.25,America/Sao_Paulo,0.001,g01_0672_1367,generation_asset,0.1,EPSG:4326
grid_g01_0673_1286,g01_0673_1286,MS,SE/CO,-22.65,-51.35,America/Campo_Grande,0.001,g01_0673_1286,generation_asset,0.1,EPSG:4326
grid_g01_0673_1361,g01_0673_1361,RJ,SE/CO,-22.65,-43.85,America/Sao_Paulo,0.001,g01_0673_1361,generation_asset,0.1,EPSG:4326
grid_g01_0674_1271,g01_0674_1271,MS,SE/CO,-22.55,-52.85,America/Campo_Grande,0.001,g01_0674_1271,generation_asset,0.1,EPSG:4326
grid_g01_0674_1314,g01_0674_1314,SP,SE/CO,-22.55,-48.55,America/Sao_Paulo,0.001,g01_0674_1314,generation_asset,0.1,EPSG:4326
grid_g01_0674_1354,g01_0674_1354,RJ,SE/CO,-22.55,-44.55,America/Sao_Paulo,0.001,g01_0674_1354,generation_asset,0.1,EPSG:4326
grid_g01_0675_1270,g01_0675_1270,MS,SE/CO,-22.45,-52.95,America/Campo_Grande,0.001,g01_0675_1270,generation_asset,0.1,EPSG:4326
grid_g01_0676_1381,g01_0676_1381,RJ,SE/CO,-22.35,-41.85,America/Sao_Paulo,0.001,g01_0676_1381,generation_asset,0.1,EPSG:4326
grid_g01_0678_1312,g01_0678_1312,SP,SE/CO,-22.15,-48.75,America/Sao_Paulo,0.001,g01_0678_1312,generation_asset,0.1,EPSG:4326
grid_g01_0680_1366,g01_0680_1366,RJ,SE/CO,-21.95,-43.35,America/Sao_Paulo,0.001,g01_0680_1366,generation_asset,0.1,EPSG:4326
grid_g01_0680_1372,g01_0680_1372,RJ,SE/CO,-21.95,-42.75,America/Sao_Paulo,0.001,g01_0680_1372,generation_asset,0.1,EPSG:4326
grid_g01_0681_1259,g01_0681_1259,MS,SE/CO,-21.85,-54.05,America/Campo_Grande,0.001,g01_0681_1259,generation_asset,0.1,EPSG:4326
grid_g01_0681_1364,g01_0681_1364,RJ,SE/CO,-21.85,-43.55,America/Sao_Paulo,0.001,g01_0681_1364,generation_asset,0.1,EPSG:4326
grid_g01_0681_1374,g01_0681_1374,RJ,SE/CO,-21.85,-42.55,America/Sao_Paulo,0.001,g01_0681_1374,generation_asset,0.1,EPSG:4326
grid_g01_0681_1389,g01_0681_1389,ES,SE/CO,-21.85,-41.05,America/Sao_Paulo,0.001,g01_0681_1389,generation_asset,0.1,EPSG:4326
grid_g01_0682_1310,g01_0682_1310,SP,SE/CO,-21.75,-48.95,America/Sao_Paulo,0.001,g01_0682_1310,generation_asset,0.1,EPSG:4326
grid_g01_0683_1329,g01_0683_1329,SP,SE/CO,-21.65,-47.05,America/Sao_Paulo,0.001,g01_0683_1329,generation_asset,0.1,EPSG:4326
grid_g01_0683_1330,g01_0683_1330,SP,SE/CO,-21.65,-46.95,America/Sao_Paulo,0.001,g01_0683_1330,generation_asset,0.1,EPSG:4326
grid_g01_0683_1365,g01_0683_1365,RJ,SE/CO,-21.65,-43.45,America/Sao_Paulo,0.001,g01_0683_1365,generation_asset,0.1,EPSG:4326
grid_g01_0684_1333,g01_0684_1333,SP,SE/CO,-21.55,-46.65,America/Sao_Paulo,0.001,g01_0684_1333,generation_asset,0.1,EPSG:4326
grid_g01_0685_1256,g01_0685_1256,MS,SE/CO,-21.45,-54.35,America/Campo_Grande,0.001,g01_0685_1256,generation_asset,0.1,EPSG:4326
grid_g01_0685_1375,g01_0685_1375,RJ,SE/CO,-21.45,-42.45,America/Sao_Paulo,0.001,g01_0685_1375,generation_asset,0.1,EPSG:4326
grid_g01_0686_1353,g01_0686_1353,MG,SE/CO,-21.35,-44.65,America/Sao_Paulo,0.001,g01_0686_1353,generation_asset,0.1,EPSG:4326
grid_g01_0687_1302,g01_0687_1302,SP,SE/CO,-21.25,-49.75,America/Sao_Paulo,0.001,g01_0687_1302,generation_asset,0.1,EPSG:4326
grid_g01_0687_1353,g01_0687_1353,MG,SE/CO,-21.25,-44.65,America/Sao_Paulo,0.001,g01_0687_1353,generation_asset,0.1,EPSG:4326
grid_g01_0688_1297,g01_0688_1297,MS,SE/CO,-21.15,-50.25,America/Campo_Grande,0.001,g01_0688_1297,generation_asset,0.1,EPSG:4326
grid_g01_0688_1349,g01_0688_1349,MG,SE/CO,-21.15,-45.05,America/Sao_Paulo,0.001,g01_0688_1349,generation_asset,0.1,EPSG:4326
grid_g01_0690_1361,g01_0690_1361,MG,SE/CO,-20.95,-43.85,America/Sao_Paulo,0.001,g01_0690_1361,generation_asset,0.1,EPSG:4326
grid_g01_0690_1382,g01_0690_1382,ES,SE/CO,-20.95,-41.75,America/Sao_Paulo,0.001,g01_0690_1382,generation_asset,0.1,EPSG:4326
grid_g01_0692_1283,g01_0692_1283,MS,SE/CO,-20.75,-51.65,America/Campo_Grande,0.001,g01_0692_1283,generation_asset,0.1,EPSG:4326
grid_g01_0693_1287,g01_0693_1287,MS,SE/CO,-20.65,-51.25,America/Campo_Grande,0.001,g01_0693_1287,generation_asset,0.1,EPSG:4326
grid_g01_0693_1336,g01_0693_1336,MG,SE/CO,-20.65,-46.35,America/Sao_Paulo,0.001,g01_0693_1336,generation_asset,0.1,EPSG:4326
grid_g01_0694_1252,g01_0694_1252,MS,SE/CO,-20.55,-54.75,America/Campo_Grande,0.001,g01_0694_1252,generation_asset,0.1,EPSG:4326
grid_g01_0696_1285,g01_0696_1285,MS,SE/CO,-20.35,-51.45,America/Campo_Grande,0.001,g01_0696_1285,generation_asset,0.1,EPSG:4326
grid_g01_0696_1286,g01_0696_1286,MS,SE/CO,-20.35,-51.35,America/Campo_Grande,0.001,g01_0696_1286,generation_asset,0.1,EPSG:4326
grid_g01_0696_1308,g01_0696_1308,GO,SE/CO,-20.35,-49.15,America/Sao_Paulo,0.001,g01_0696_1308,generation_asset,0.1,EPSG:4326
grid_g01_0696_1395,g01_0696_1395,ES,SE/CO,-20.35,-40.45,America/Sao_Paulo,0.001,g01_0696_1395,generation_asset,0.1,EPSG:4326
grid_g01_0697_1329,g01_0697_1329,MG,SE/CO,-20.25,-47.05,America/Sao_Paulo,0.001,g01_0697_1329,generation_asset,0.1,EPSG:4326
grid_g01_0697_1371,g01_0697_1371,MG,SE/CO,-20.25,-42.85,America/Sao_Paulo,0.001,g01_0697_1371,generation_asset,0.1,EPSG:4326
grid_g01_0698_1314,g01_0698_1314,GO,SE/CO,-20.15,-48.55,America/Sao_Paulo,0.001,g01_0698_1314,generation_asset,0.1,EPSG:4326
grid_g01_0698_1327,g01_0698_1327,MG,SE/CO,-20.15,-47.25,America/Sao_Paulo,0.001,g01_0698_1327,generation_asset,0.1,EPSG:4326
grid_g01_0699_1268,g01_0699_1268,MS,SE/CO,-20.05,-53.15,America/Campo_Grande,0.001,g01_0699_1268,generation_asset,0.1,EPSG:4326
grid_g01_0699_1317,g01_0699_1317,GO,SE/CO,-20.05,-48.25,America/Sao_Paulo,0.001,g01_0699_1317,generation_asset,0.1,EPSG:4326
grid_g01_0699_1325,g01_0699_1325,MG,SE/CO,-20.05,-47.45,America/Sao_Paulo,0.001,g01_0699_1325,generation_asset,0.1,EPSG:4326
grid_g01_0699_1394,g01_0699_1394,ES,SE/CO,-20.05,-40.55,America/Sao_Paulo,0.001,g01_0699_1394,generation_asset,0.1,EPSG:4326
grid_g01_0700_1322,g01_0700_1322,GO,SE/CO,-19.95,-47.75,America/Sao_Paulo,0.001,g01_0700_1322,generation_asset,0.1,EPSG:4326
grid_g01_0700_1359,g01_0700_1359,MG,SE/CO,-19.95,-44.05,America/Sao_Paulo,0.001,g01_0700_1359,generation_asset,0.1,EPSG:4326
grid_g01_0701_1296,g01_0701_1296,GO,SE/CO,-19.85,-50.35,America/Sao_Paulo,0.001,g01_0701_1296,generation_asset,0.1,EPSG:4326
grid_g01_0702_1370,g01_0702_1370,MG,SE/CO,-19.75,-42.95,America/Sao_Paulo,0.001,g01_0702_1370,generation_asset,0.1,EPSG:4326
grid_g01_0703_1371,g01_0703_1371,MG,SE/CO,-19.65,-42.85,America/Sao_Paulo,0.001,g01_0703_1371,generation_asset,0.1,EPSG:4326
grid_g01_0704_1390,g01_0704_1390,ES,SE/CO,-19.55,-40.95,America/Sao_Paulo,0.001,g01_0704_1390,generation_asset,0.1,EPSG:4326
grid_g01_0704_1401,g01_0704_1401,ES,SE/CO,-19.55,-39.85,America/Sao_Paulo,0.001,g01_0704_1401,generation_asset,0.1,EPSG:4326
grid_g01_0705_1389,g01_0705_1389,ES,SE/CO,-19.45,-41.05,America/Sao_Paulo,0.001,g01_0705_1389,generation_asset,0.1,EPSG:4326
grid_g01_0708_1292,g01_0708_1292,GO,SE/CO,-19.15,-50.75,America/Sao_Paulo,0.001,g01_0708_1292,generation_asset,0.1,EPSG:4326
grid_g01_0708_1293,g01_0708_1293,GO,SE/CO,-19.15,-50.65,America/Sao_Paulo,0.001,g01_0708_1293,generation_asset,0.1,EPSG:4326
grid_g01_0708_1323,g01_0708_1323,GO,SE/CO,-19.15,-47.65,America/Sao_Paulo,0.001,g01_0708_1323,generation_asset,0.1,EPSG:4326
grid_g01_0708_1372,g01_0708_1372,MG,SE/CO,-19.15,-42.75,America/Sao_Paulo,0.001,g01_0708_1372,generation_asset,0.1,EPSG:4326
grid_g01_0708_1373,g01_0708_1373,MG,SE/CO,-19.15,-42.65,America/Sao_Paulo,0.001,g01_0708_1373,generation_asset,0.1,EPSG:4326
grid_g01_0709_1295,g01_0709_1295,GO,SE/CO,-19.05,-50.45,America/Sao_Paulo,0.001,g01_0709_1295,generation_asset,0.1,EPSG:4326
grid_g01_0709_1378,g01_0709_1378,MG,SE/CO,-19.05,-42.15,America/Sao_Paulo,0.001,g01_0709_1378,generation_asset,0.1,EPSG:4326
grid_g01_0710_1319,g01_0710_1319,GO,SE/CO,-18.95,-48.05,America/Sao_Paulo,0.001,g01_0710_1319,generation_asset,0.1,EPSG:4326
grid_g01_0711_1288,g01_0711_1288,GO,SE/CO,-18.85,-51.15,America/Sao_Paulo,0.001,g01_0711_1288,generation_asset,0.1,EPSG:4326
grid_g01_0711_1352,g01_0711_1352,MG,SE/CO,-18.85,-44.75,America/Sao_Paulo,0.001,g01_0711_1352,generation_asset,0.1,EPSG:4326
grid_g01_0712_1282,g01_0712_1282,GO,SE/CO,-18.75,-51.75,America/Sao_Paulo,0.001,g01_0712_1282,generation_asset,0.1,EPSG:4326
grid_g01_0712_1289,g01_0712_1289,GO,SE/CO,-18.75,-51.05,America/Sao_Paulo,0.001,g01_0712_1289,generation_asset,0.1,EPSG:4326
grid_g01_0712_1297,g01_0712_1297,GO,SE/CO,-18.75,-50.25,America/Sao_Paulo,0.001,g01_0712_1297,generation_asset,0.1,EPSG:4326
grid_g01_0712_1318,g01_0712_1318,GO,SE/CO,-18.75,-48.15,America/Sao_Paulo,0.001,g01_0712_1318,generation_asset,0.1,EPSG:4326
grid_g01_0713_1281,g01_0713_1281,GO,SE/CO,-18.65,-51.85,America/Sao_Paulo,0.001,g01_0713_1281,generation_asset,0.1,EPSG:4326
grid_g01_0713_1315,g01_0713_1315,GO,SE/CO,-18.65,-48.45,America/Sao_Paulo,0.001,g01_0713_1315,generation_asset,0.1,EPSG:4326
grid_g01_0714_1288,g01_0714_1288,GO,SE/CO,-18.55,-51.15,America/Sao_Paulo,0.001,g01_0714_1288,generation_asset,0.1,EPSG:4326
grid_g01_0714_1305,g01_0714_1305,GO,SE/CO,-18.55,-49.45,America/Sao_Paulo,0.001,g01_0714_1305,generation_asset,0.1,EPSG:4326
grid_g01_0715_1295,g01_0715_1295,GO,SE/CO,-18.45,-50.45,America/Sao_Paulo,0.001,g01_0715_1295,generation_asset,0.1,EPSG:4326
grid_g01_0715_1308,g01_0715_1308,GO,SE/CO,-18.45,-49.15,America/Sao_Paulo,0.001,g01_0715_1308,generation_asset,0.1,EPSG:4326
grid_g01_0715_1320,g01_0715_1320,GO,SE/CO,-18.45,-47.95,America/Sao_Paulo,0.001,g01_0715_1320,generation_asset,0.1,EPSG:4326
grid_g01_0716_1307,g01_0716_1307,GO,SE/CO,-18.35,-49.25,America/Sao_Paulo,0.001,g01_0716_1307,generation_asset,0.1,EPSG:4326
grid_g01_0717_1347,g01_0717_1347,MG,SE/CO,-18.25,-45.25,America/Sao_Paulo,0.001,g01_0717_1347,generation_asset,0.1,EPSG:4326
grid_g01_0719_1323,g01_0719_1323,GO,SE/CO,-18.05,-47.65,America/Sao_Paulo,0.001,g01_0719_1323,generation_asset,0.1,EPSG:4326
grid_g01_0720_1314,g01_0720_1314,GO,SE/CO,-17.95,-48.55,America/Sao_Paulo,0.001,g01_0720_1314,generation_asset,0.1,EPSG:4326
grid_g01_0721_1397,g01_0721_1397,ES,SE/CO,-17.85,-40.25,America/Sao_Paulo,0.001,g01_0721_1397,generation_asset,0.1,EPSG:4326
grid_g01_0723_1251,g01_0723_1251,MT,SE/CO,-17.65,-54.85,America/Cuiaba,0.001,g01_0723_1251,generation_asset,0.1,EPSG:4326
grid_g01_0726_1325,g01_0726_1325,DF,SE/CO,-17.35,-47.45,America/Sao_Paulo,0.001,g01_0726_1325,generation_asset,0.1,EPSG:4326
grid_g01_0729_1251,g01_0729_1251,MT,SE/CO,-17.05,-54.85,America/Cuiaba,0.001,g01_0729_1251,generation_asset,0.1,EPSG:4326
grid_g01_0731_1300,g01_0731_1300,GO,SE/CO,-16.85,-49.95,America/Sao_Paulo,0.001,g01_0731_1300,generation_asset,0.1,EPSG:4326
grid_g01_0732_1320,g01_0732_1320,DF,SE/CO,-16.75,-47.95,America/Sao_Paulo,0.001,g01_0732_1320,generation_asset,0.1,EPSG:4326
grid_g01_0732_1374,g01_0732_1374,MG,SE/CO,-16.75,-42.55,America/Sao_Paulo,0.001,g01_0732_1374,generation_asset,0.1,EPSG:4326
grid_g01_0734_1307,g01_0734_1307,GO,SE/CO,-16.55,-49.25,America/Sao_Paulo,0.001,g01_0734_1307,generation_asset,0.1,EPSG:4326
grid_g01_0736_1310,g01_0736_1310,GO,SE/CO,-16.35,-48.95,America/Sao_Paulo,0.001,g01_0736_1310,generation_asset,0.1,EPSG:4326
grid_g01_0736_1318,g01_0736_1318,DF,SE/CO,-16.35,-48.15,America/Sao_Paulo,0.001,g01_0736_1318,generation_asset,0.1,EPSG:4326
grid_g01_0737_1326,g01_0737_1326,DF,SE/CO,-16.25,-47.35,America/Sao_Paulo,0.001,g01_0737_1326,generation_asset,0.1,EPSG:4326
grid_g01_0744_1239,g01_0744_1239,MT,SE/CO,-15.55,-56.05,America/Cuiaba,0.001,g01_0744_1239,generation_asset,0.1,EPSG:4326
grid_g01_0747_1212,g01_0747_1212,MT,SE/CO,-15.25,-58.75,America/Cuiaba,0.001,g01_0747_1212,generation_asset,0.1,EPSG:4326
grid_g01_0748_1210,g01_0748_1210,MT,SE/CO,-15.15,-58.95,America/Cuiaba,0.001,g01_0748_1210,generation_asset,0.1,EPSG:4326
grid_g01_0751_1242,g01_0751_1242,MT,SE/CO,-14.85,-55.75,America/Cuiaba,0.001,g01_0751_1242,generation_asset,0.1,EPSG:4326
grid_g01_0761_1316,g01_0761_1316,DF,SE/CO,-13.85,-48.35,America/Sao_Paulo,0.001,g01_0761_1316,generation_asset,0.1,EPSG:4326
grid_g01_0765_1209,g01_0765_1209,MT,SE/CO,-13.45,-59.05,America/Cuiaba,0.001,g01_0765_1209,generation_asset,0.1,EPSG:4326
grid_g01_0765_1318,g01_0765_1318,DF,SE/CO,-13.45,-48.15,America/Sao_Paulo,0.001,g01_0765_1318,generation_asset,0.1,EPSG:4326
grid_g01_0787_1245,g01_0787_1245,MT,SE/CO,-11.25,-55.45,America/Cuiaba,0.001,g01_0787_1245,generation_asset,0.1,EPSG:4326
grid_g01_0790_1242,g01_0790_1242,MT,SE/CO,-10.95,-55.75,America/Cuiaba,0.001,g01_0790_1242,generation_asset,0.1,EPSG:4326
grid_g01_0796_1230,g01_0796_1230,MT,SE/CO,-10.35,-56.95,America/Cuiaba,0.001,g01_0796_1230,generation_asset,0.1,EPSG:4326
grid_g01_0798_1205,g01_0798_1205,MT,SE/CO,-10.15,-59.45,America/Cuiaba,0.001,g01_0798_1205,generation_asset,0.1,EPSG:4326
grid_g01_0700_1300,g01_0700_1300,GO,SE/CO,-19.95,-49.95,America/Sao_Paulo,1.0,g01_0700_1300,regional_grid,0.1,EPSG:4326
grid_g01_0800_1200,g01_0800_1200,MT,SE/CO,-9.95,-59.95,America/Cuiaba,1.0,g01_0800_1200,regional_grid,0.1,EPSG:4326
